video_id,frame_number,timestamp,disparity_map_mean,depth_map_mean,min_depth,max_depth,invalid_depth_pixels,depth_confidence_score,baseline_distance_m,focal_length_px,depth_gradient_map_mean
Video_001,1,2024-01-01T12:02:00,6.09,17.19,1.74,30.33,49,0.911,0.19,1397,1.924
Video_002,2,2024-01-01T12:11:00,2.42,16.59,0.91,34.38,58,0.813,0.12,1164,0.867
Video_003,3,2024-01-01T12:23:00,8.43,12.9,0.28,23.07,99,0.936,0.14,1049,0.962
Video_004,4,2024-01-01T12:33:00,5.2,20.28,1.14,33.91,32,0.83,0.41,974,1.441
Video_005,5,2024-01-01T12:43:00,3.66,17.37,1.1,23.33,61,0.882,0.21,533,1.83
Video_006,6,2024-01-01T12:54:00,4.63,27.32,0.1,24.25,66,0.854,0.64,908,1.986
Video_007,7,2024-01-01T13:03:00,6.16,8.74,1.12,20.24,86,0.946,0.14,767,1.224
Video_008,8,2024-01-01T13:11:00,7.2,1.36,1.33,31.08,74,0.949,0.59,1370,1.503
Video_009,9,2024-01-01T13:24:00,3.36,4.92,1.35,30.45,86,0.917,0.36,1419,1.315
Video_010,10,2024-01-01T13:35:00,1.72,12.25,1.64,35.46,84,0.962,0.74,1437,1.833
Video_011,11,2024-01-01T13:43:00,7.71,23.89,0.27,21.38,66,0.895,0.72,844,1.521
Video_012,12,2024-01-01T13:51:00,5.07,17.76,1.63,24.84,10,0.987,0.59,1031,1.165
Video_013,13,2024-01-01T14:03:00,1.28,2.99,0.55,38.5,8,0.934,0.65,862,1.961
Video_014,14,2024-01-01T14:11:00,7.09,25.69,1.42,35.94,32,0.907,0.62,1348,0.89
Video_015,15,2024-01-01T14:25:00,9.97,25.78,0.8,38.42,46,0.891,0.3,985,0.263
Video_016,16,2024-01-01T14:34:00,2.22,16.77,0.15,31.43,67,0.855,0.94,1163,0.678
Video_017,17,2024-01-01T14:44:00,9.6,28.17,1.89,23.36,2,0.949,0.11,728,0.194
Video_018,18,2024-01-01T14:50:00,2.55,15.64,0.12,38.81,43,0.966,0.99,682,0.552
Video_019,19,2024-01-01T15:04:00,8.43,29.91,1.35,34.5,54,0.913,0.76,1409,0.443
Video_020,20,2024-01-01T15:12:00,1.11,3.97,1.06,31.92,66,0.969,0.71,726,1.614
Video_021,21,2024-01-01T15:22:00,0.53,7.6,0.98,33.68,85,0.852,0.86,995,1.379
Video_022,22,2024-01-01T15:33:00,4.72,28.58,1.08,20.02,46,0.809,0.9,1475,1.036
Video_023,23,2024-01-01T15:41:00,2.06,22.33,1.86,30.87,72,0.982,0.71,1293,0.698
Video_024,24,2024-01-01T15:53:00,8.76,24.68,1.41,34.52,20,0.932,0.45,1461,0.463
Video_025,25,2024-01-01T16:00:00,8.64,28.49,0.12,32.32,43,0.948,0.22,1473,1.312
Video_026,26,2024-01-01T16:12:00,8.49,18.53,1.69,25.47,60,0.852,0.14,514,1.286
Video_027,27,2024-01-01T16:24:00,1.3,7.63,1.68,23.04,71,0.891,0.7,506,0.879
Video_028,28,2024-01-01T16:35:00,3.14,11.49,1.07,24.9,84,0.936,0.2,1007,0.113
Video_029,29,2024-01-01T16:45:00,6.53,14.71,1.44,25.77,9,0.974,0.39,1388,1.421
Video_030,30,2024-01-01T16:51:00,8.77,10.73,0.5,37.87,40,0.832,0.39,1437,1.108
Video_031,31,2024-01-01T17:01:00,2.91,23.55,0.73,35.84,0,0.982,0.52,814,1.379
Video_032,32,2024-01-01T17:13:00,5.9,1.9,0.33,39.83,91,0.892,0.5,735,0.057
Video_033,33,2024-01-01T17:23:00,5.28,13.02,0.56,27.27,24,0.894,0.98,511,1.517
Video_034,34,2024-01-01T17:30:00,4.48,8.19,1.35,20.58,17,0.935,0.81,1318,0.173
Video_035,35,2024-01-01T17:44:00,4.41,24.51,1.78,21.49,76,0.934,0.33,1272,1.868
Video_036,36,2024-01-01T17:53:00,5.72,11.53,1.34,30.7,41,0.883,0.73,1475,0.412
Video_037,37,2024-01-01T18:03:00,3.07,13.07,0.65,36.8,90,0.869,0.87,1352,0.219
Video_038,38,2024-01-01T18:10:00,1.79,19.85,0.34,32.62,9,0.928,0.42,805,0.12
Video_039,39,2024-01-01T18:20:00,3.94,11.09,1.28,35.95,79,0.899,0.48,1150,0.604
Video_040,40,2024-01-01T18:30:00,9.32,27.42,0.6,33.41,17,0.825,0.58,879,1.191
Video_041,41,2024-01-01T18:42:00,2.25,1.24,1.17,35.71,2,0.995,0.51,1493,1.82
Video_042,42,2024-01-01T18:50:00,4.26,25.44,1.81,34.17,92,0.955,0.6,1311,0.143
Video_043,43,2024-01-01T19:01:00,3.48,19.73,1.12,33.07,7,0.904,0.98,1357,0.727
Video_044,44,2024-01-01T19:11:00,2.86,26.07,1.62,35.13,14,0.808,0.32,1346,1.542
Video_045,45,2024-01-01T19:21:00,5.71,13.36,0.75,30.47,49,0.93,0.37,964,1.029
Video_046,46,2024-01-01T19:34:00,3.54,23.38,0.76,22.91,9,0.974,0.63,898,1.795
Video_047,47,2024-01-01T19:40:00,6.92,10.39,1.27,35.81,43,0.89,0.24,1035,1.565
Video_048,48,2024-01-01T19:51:00,1.49,18.5,1.91,36.13,43,0.977,0.74,998,0.305
Video_049,49,2024-01-01T20:04:00,7.8,9.83,1.11,36.36,82,0.808,0.95,951,1.837
Video_050,50,2024-01-01T20:13:00,6.84,11.55,1.7,27.4,97,0.822,0.8,923,0.218
