video_id,frame_number,timestamp,mean_intensity,max_intensity,reflection_mask_sum,reflection_region_count,total_reflection_area,contrast_enhancement_factor,mean_reflection_orientation
Video_001,1,2024-01-02T08:01:00,99.28,255.0,4534,1,583.8,1.07,82.0
Video_002,2,2024-01-02T08:12:00,103.05,255.0,1297,4,283.0,1.67,175.3
Video_003,3,2024-01-02T08:22:00,73.86,255.0,3283,4,1326.1,1.29,69.3
Video_004,4,2024-01-02T08:30:00,107.96,255.0,1156,3,1418.6,1.55,9.9
Video_005,5,2024-01-02T08:42:00,126.94,255.0,2260,2,1460.6,1.91,163.1
Video_006,6,2024-01-02T08:50:00,141.99,255.0,1263,3,1533.7,1.16,87.9
Video_007,7,2024-01-02T09:03:00,111.81,255.0,1629,2,1670.1,1.88,89.1
Video_008,8,2024-01-02T09:10:00,149.38,255.0,3634,1,1177.3,1.67,0.1
Video_009,9,2024-01-02T09:23:00,121.78,255.0,1694,2,1723.9,1.98,144.3
Video_010,10,2024-01-02T09:30:00,105.11,255.0,3166,4,842.5,1.08,0.5
Video_011,11,2024-01-02T09:42:00,51.46,255.0,2665,3,471.9,1.31,3.4
Video_012,12,2024-01-02T09:51:00,52.92,255.0,3225,5,1814.3,1.08,78.1
Video_013,13,2024-01-02T10:02:00,140.43,255.0,4112,1,1912.1,1.73,128.7
Video_014,14,2024-01-02T10:10:00,133.02,255.0,1379,5,547.7,1.07,153.5
Video_015,15,2024-01-02T10:21:00,64.6,255.0,4726,5,620.9,1.13,77.8
Video_016,16,2024-01-02T10:35:00,69.44,255.0,1653,5,1880.6,1.4,29.8
Video_017,17,2024-01-02T10:42:00,88.14,255.0,4113,2,971.0,1.62,44.0
Video_018,18,2024-01-02T10:50:00,102.02,255.0,3871,4,1932.3,1.84,29.6
Video_019,19,2024-01-02T11:03:00,89.73,255.0,4181,2,536.7,1.21,83.1
Video_020,20,2024-01-02T11:11:00,144.54,255.0,1541,4,1636.5,1.58,162.2
Video_021,21,2024-01-02T11:23:00,109.86,255.0,4017,4,1642.4,1.49,49.8
Video_022,22,2024-01-02T11:34:00,61.1,255.0,2132,2,1946.5,1.05,123.4
Video_023,23,2024-01-02T11:40:00,64.69,255.0,2612,4,207.5,1.68,160.3
Video_024,24,2024-01-02T11:53:00,100.71,255.0,4784,2,859.9,1.95,156.8
Video_025,25,2024-01-02T12:00:00,86.12,255.0,4509,1,1168.3,1.48,75.0
Video_026,26,2024-01-02T12:13:00,108.84,255.0,2295,2,1767.8,1.63,173.5
Video_027,27,2024-01-02T12:24:00,120.75,255.0,1198,3,1284.8,1.73,75.2
Video_028,28,2024-01-02T12:33:00,123.88,255.0,3742,1,992.1,1.85,111.9
Video_029,29,2024-01-02T12:43:00,101.87,255.0,4170,5,673.9,1.93,24.3
Video_030,30,2024-01-02T12:55:00,108.88,255.0,4147,4,215.6,1.39,143.4
Video_031,31,2024-01-02T13:03:00,93.54,255.0,4898,1,1679.8,1.66,172.8
Video_032,32,2024-01-02T13:15:00,148.26,255.0,4050,4,244.7,1.66,118.0
Video_033,33,2024-01-02T13:20:00,61.28,255.0,2514,3,914.9,1.86,106.0
Video_034,34,2024-01-02T13:31:00,104.55,255.0,1888,1,1274.0,1.84,82.7
Video_035,35,2024-01-02T13:43:00,140.02,255.0,4464,1,715.5,1.73,74.5
Video_036,36,2024-01-02T13:55:00,78.37,255.0,2197,3,786.7,1.34,7.4
Video_037,37,2024-01-02T14:05:00,75.44,255.0,4455,1,988.4,1.81,8.4
Video_038,38,2024-01-02T14:10:00,78.05,255.0,4935,3,1427.5,1.25,146.1
Video_039,39,2024-01-02T14:23:00,114.21,255.0,4661,1,1286.5,1.99,19.9
Video_040,40,2024-01-02T14:30:00,129.88,255.0,2255,2,452.1,1.14,31.3
Video_041,41,2024-01-02T14:43:00,102.97,255.0,4640,4,637.4,1.13,125.4
Video_042,42,2024-01-02T14:55:00,96.28,255.0,4903,3,896.9,1.37,133.8
Video_043,43,2024-01-02T15:03:00,85.97,255.0,2932,5,1799.3,1.15,150.7
Video_044,44,2024-01-02T15:13:00,120.22,255.0,4089,3,676.1,1.57,160.4
Video_045,45,2024-01-02T15:21:00,79.02,255.0,4540,3,1461.0,1.98,67.7
Video_046,46,2024-01-02T15:31:00,86.26,255.0,1663,2,1052.4,1.92,57.1
Video_047,47,2024-01-02T15:44:00,99.49,255.0,2105,2,291.6,1.37,151.5
Video_048,48,2024-01-02T15:52:00,140.32,255.0,4438,4,1776.3,1.98,126.7
Video_049,49,2024-01-02T16:05:00,71.19,255.0,2117,5,1879.0,1.79,96.1
Video_050,50,2024-01-02T16:11:00,55.86,255.0,4457,3,893.5,1.11,130.0
