video_id,scale_level,resolution_x,resolution_y,filter_type,num_keypoints,contrast,image_gradients,keypoint_scales,dominant_orientation,mean_keypoint_density,max_descriptor_variance,sift_feature_map
Video_001,1,640,480,Wavelet,181,14.13,1.009,1.9,86.19,1.119,1.474,0.057
Video_002,1,320,240,Wavelet,273,37.76,0.958,2.14,92.52,0.576,0.21,0.927
Video_003,1,640,480,CLAHE,105,38.29,0.71,1.98,111.78,0.662,1.839,0.435
Video_004,4,320,240,Kalman,140,14.85,0.278,2.45,21.86,1.615,0.588,0.172
Video_005,1,320,240,Wavelet,196,16.58,0.92,1.29,97.66,0.761,1.19,0.241
Video_006,4,640,480,Median,203,15.19,0.103,1.79,130.97,1.736,1.82,0.988
Video_007,2,1280,960,Wavelet,181,29.94,0.981,1.72,11.36,0.506,0.697,0.483
Video_008,1,1280,960,Median,260,46.86,1.024,1.91,27.69,1.059,0.132,0.118
Video_009,4,320,240,CLAHE,65,28.55,1.452,2.25,136.54,1.183,1.541,0.549
Video_010,2,1024,768,CLAHE,274,21.64,1.055,2.23,72.32,0.908,1.411,0.241
Video_011,0,800,600,CLAHE,253,31.92,0.92,1.97,2.43,0.52,0.142,0.878
Video_012,3,1280,960,CLAHE,70,37.64,1.155,1.5,135.13,1.395,1.542,0.701
Video_013,3,800,600,CLAHE,77,28.47,0.793,1.2,15.87,0.616,0.755,0.08
Video_014,1,320,240,LIME,201,44.04,1.34,2.18,140.49,1.427,0.456,0.796
Video_015,1,640,480,Wavelet,159,18.97,0.333,1.32,138.33,1.834,1.198,0.551
Video_016,1,320,240,Kalman,205,26.23,0.175,1.99,29.27,1.634,1.217,0.933
Video_017,2,320,240,Kalman,216,28.01,0.129,2.34,138.44,0.658,0.248,0.52
Video_018,1,640,480,Kalman,139,30.25,0.333,1.03,27.1,0.871,0.904,0.147
Video_019,3,640,480,LIME,173,47.49,1.314,1.57,0.29,1.857,1.272,0.578
Video_020,4,1024,768,CLAHE,156,35.28,0.498,1.78,158.57,1.126,0.574,0.139
Video_021,2,800,600,CLAHE,92,21.25,1.32,1.03,134.91,0.802,0.409,0.296
Video_022,2,640,480,CLAHE,146,36.73,0.206,1.18,143.27,1.376,0.868,0.746
Video_023,1,1024,768,Median,61,38.46,0.155,2.07,168.86,0.533,0.482,0.875
Video_024,2,800,600,Wavelet,224,40.9,0.336,1.1,56.41,1.904,1.502,0.491
Video_025,1,1280,960,Median,72,35.14,0.687,2.04,99.92,0.761,0.1,0.849
Video_026,3,1280,960,Wavelet,226,24.9,0.435,2.1,51.22,0.583,0.255,0.695
Video_027,3,320,240,Wavelet,258,39.38,0.681,2.25,50.35,1.277,1.96,0.699
Video_028,0,1280,960,Kalman,236,17.66,1.44,1.64,2.61,1.557,1.836,0.237
Video_029,3,800,600,CLAHE,128,18.37,0.392,1.95,143.94,0.832,1.665,0.761
Video_030,2,1280,960,Median,110,22.14,0.18,1.79,74.3,0.689,0.208,0.59
Video_031,1,1280,960,Kalman,99,14.12,0.902,2.17,176.74,1.852,0.498,0.959
Video_032,4,1280,960,CLAHE,283,47.27,1.248,1.6,26.13,1.118,0.128,0.567
Video_033,1,320,240,Wavelet,138,15.56,0.936,1.73,113.41,1.759,1.559,0.628
Video_034,4,320,240,LIME,218,22.27,0.598,1.83,43.12,0.931,1.213,0.927
Video_035,1,1024,768,LIME,159,41.58,0.375,1.66,4.62,1.087,0.545,0.788
Video_036,4,640,480,Median,155,34.99,0.129,1.87,27.69,0.521,0.199,0.396
Video_037,3,800,600,Wavelet,128,11.51,0.637,1.91,140.77,0.839,1.477,0.301
Video_038,2,800,600,Wavelet,56,17.28,1.36,2.29,161.41,1.918,0.834,0.884
Video_039,3,320,240,LIME,121,13.67,0.589,1.1,26.75,1.488,1.397,0.454
Video_040,3,800,600,LIME,220,41.43,0.825,1.2,112.35,1.709,0.433,0.183
Video_041,1,800,600,Kalman,103,25.39,0.666,2.04,133.12,1.345,1.279,0.759
Video_042,4,800,600,LIME,73,31.73,1.318,1.98,102.82,0.881,0.24,0.208
Video_043,0,1024,768,LIME,99,43.38,0.118,1.48,158.14,0.944,0.586,0.331
Video_044,4,800,600,Wavelet,167,43.08,0.972,2.03,84.28,1.227,0.566,0.823
Video_045,0,1024,768,Median,160,45.24,0.918,2.28,84.71,1.266,0.448,0.108
Video_046,0,640,480,Median,294,25.53,1.363,2.33,161.45,0.801,0.681,0.733
Video_047,3,1280,960,Wavelet,70,27.91,0.839,1.28,139.72,1.74,1.976,0.602
Video_048,0,1280,960,Kalman,96,14.52,0.338,1.76,6.25,1.947,0.976,0.259
Video_049,4,1280,960,Median,291,38.58,0.575,2.14,104.62,1.098,0.624,0.508
Video_050,1,320,240,LIME,227,37.39,0.275,2.08,2.47,0.599,0.562,0.179
