video_id,noise_type,bandwidth_Hz,noise_freq_spectrum,noise_spatial_distribution,transmission_errors,compression_type,timestamp
Video_001,Poisson,466.05,Low,Edge-focused,1,JPEG,2024-01-01T00:03:00
Video_002,Impulse,167.67,Medium,Random,1,RAW,2024-01-01T00:14:00
Video_003,Poisson,268.2,Low,Edge-focused,1,HEVC,2024-01-01T00:22:00
Video_004,SaltPepper,145.0,Low,Random,7,H.264,2024-01-01T00:33:00
Video_005,Impulse,330.86,Low,Clustered,4,H.264,2024-01-01T00:42:00
Video_006,Speckle,332.0,High,Edge-focused,6,JPEG,2024-01-01T00:51:00
Video_007,SaltPepper,152.79,High,Clustered,3,HEVC,2024-01-01T01:00:00
Video_008,Impulse,255.63,High,Clustered,3,JPEG,2024-01-01T01:13:00
Video_009,Speckle,186.27,Low,Uniform,7,HEVC,2024-01-01T01:23:00
Video_010,SaltPepper,114.3,Medium,Random,1,RAW,2024-01-01T01:31:00
Video_011,Speckle,261.42,High,Edge-focused,6,HEVC,2024-01-01T01:40:00
Video_012,SaltPepper,67.98,Low,Random,1,RAW,2024-01-01T01:50:00
Video_013,Impulse,349.96,High,Random,1,H.264,2024-01-01T02:01:00
Video_014,Gaussian,119.69,Low,Edge-focused,6,HEVC,2024-01-01T02:12:00
Video_015,SaltPepper,48.1,High,Uniform,2,RAW,2024-01-01T02:24:00
Video_016,SaltPepper,155.7,High,Uniform,1,HEVC,2024-01-01T02:33:00
Video_017,Impulse,33.27,Low,Clustered,4,JPEG,2024-01-01T02:44:00
Video_018,Speckle,134.0,High,Random,4,RAW,2024-01-01T02:52:00
Video_019,SaltPepper,46.91,High,Uniform,6,JPEG,2024-01-01T03:01:00
Video_020,SaltPepper,169.28,High,Uniform,3,JPEG,2024-01-01T03:14:00
Video_021,Gaussian,46.73,Medium,Uniform,1,HEVC,2024-01-01T03:24:00
Video_022,SaltPepper,230.5,High,Clustered,3,JPEG,2024-01-01T03:34:00
Video_023,Impulse,107.11,Medium,Random,5,RAW,2024-01-01T03:44:00
Video_024,Gaussian,491.25,Low,Uniform,5,RAW,2024-01-01T03:54:00
Video_025,Speckle,494.58,High,Clustered,1,H.264,2024-01-01T04:03:00
Video_026,Speckle,218.61,High,Uniform,3,JPEG,2024-01-01T04:15:00
Video_027,Impulse,91.21,Low,Random,9,JPEG,2024-01-01T04:23:00
Video_028,Speckle,304.98,High,Clustered,9,HEVC,2024-01-01T04:30:00
Video_029,Gaussian,495.41,Low,Uniform,7,H.264,2024-01-01T04:45:00
Video_030,Impulse,457.13,Medium,Clustered,9,JPEG,2024-01-01T04:50:00
Video_031,Poisson,296.14,Medium,Edge-focused,4,H.264,2024-01-01T05:00:00
Video_032,Poisson,409.18,High,Uniform,4,H.264,2024-01-01T05:13:00
Video_033,Gaussian,73.57,Low,Clustered,9,HEVC,2024-01-01T05:22:00
Video_034,Poisson,190.99,Low,Clustered,2,HEVC,2024-01-01T05:34:00
Video_035,Impulse,27.01,Medium,Clustered,3,H.264,2024-01-01T05:42:00
Video_036,Poisson,474.62,Medium,Clustered,9,HEVC,2024-01-01T05:53:00
Video_037,Speckle,130.9,High,Clustered,3,JPEG,2024-01-01T06:01:00
Video_038,Speckle,460.92,High,Edge-focused,1,RAW,2024-01-01T06:11:00
Video_039,Speckle,345.61,Medium,Uniform,9,HEVC,2024-01-01T06:22:00
Video_040,SaltPepper,417.12,Medium,Uniform,9,RAW,2024-01-01T06:34:00
Video_041,SaltPepper,376.62,Low,Uniform,9,RAW,2024-01-01T06:44:00
Video_042,Poisson,172.38,Low,Random,0,RAW,2024-01-01T06:51:00
Video_043,Impulse,276.73,Medium,Uniform,7,JPEG,2024-01-01T07:04:00
Video_044,Poisson,172.74,Low,Uniform,8,H.264,2024-01-01T07:12:00
Video_045,Poisson,467.36,Medium,Edge-focused,2,HEVC,2024-01-01T07:20:00
Video_046,Speckle,497.74,Medium,Clustered,3,HEVC,2024-01-01T07:33:00
Video_047,SaltPepper,436.34,High,Edge-focused,6,HEVC,2024-01-01T07:42:00
Video_048,Poisson,382.6,Low,Uniform,5,JPEG,2024-01-01T07:51:00
Video_049,Gaussian,378.14,Low,Random,5,JPEG,2024-01-01T08:04:00
Video_050,Speckle,358.75,High,Clustered,2,JPEG,2024-01-01T08:15:00
