video_id,mean_brightness,contrast_level,keypoint_density,edge_pixel_count,gradient_magnitude_mean,mean_saliency_score,spatial_complexity_score,field_of_view_angle_deg,peripheral_activity_score,noise_to_structure_ratio
Video_001,61.42,39.14,0.933,19120,2.46,90.83,0.694,263.45,0.199,0.63
Video_002,83.01,34.34,1.675,14841,2.32,80.32,0.69,261.82,0.29,1.646
Video_003,119.52,40.14,2.193,17761,3.24,10.3,0.555,278.96,0.322,0.845
Video_004,70.07,18.84,2.755,19242,4.55,32.78,0.724,260.29,0.08,0.117
Video_005,100.75,21.41,0.51,13074,1.67,77.79,0.556,261.13,0.328,1.849
Video_006,79.29,11.77,2.252,12104,3.08,54.46,0.782,273.65,0.949,1.537
Video_007,78.63,11.72,2.857,16980,3.32,43.26,0.387,263.57,0.14,1.673
Video_008,82.05,34.66,1.258,11608,1.16,56.68,0.524,269.33,0.232,0.978
Video_009,101.78,18.97,2.572,15991,0.83,81.25,0.778,277.39,0.938,0.573
Video_010,80.71,28.29,1.583,10984,1.86,18.46,0.626,277.71,0.248,1.963
Video_011,87.11,39.51,1.091,19472,3.66,25.45,0.798,276.8,0.763,0.858
Video_012,73.63,19.79,2.35,18537,4.1,80.53,0.54,279.36,0.165,1.375
Video_013,88.88,33.75,2.297,15733,2.78,12.8,0.351,262.19,0.028,1.532
Video_014,75.04,46.07,1.129,18848,3.21,85.32,0.74,275.84,0.279,1.029
Video_015,61.31,12.97,1.53,10303,0.18,40.52,0.653,264.49,0.264,0.451
Video_016,107.7,40.83,0.801,19207,2.56,74.7,0.663,278.63,0.93,0.22
Video_017,82.36,40.33,1.858,13644,2.78,99.35,0.653,271.69,0.503,1.194
Video_018,76.5,21.0,2.509,13751,2.88,39.81,0.864,274.24,0.445,0.86
Video_019,78.92,19.01,2.315,10168,2.58,52.25,0.849,262.87,0.175,1.794
Video_020,94.97,30.78,1.628,14543,2.79,47.29,0.83,262.4,0.703,1.871
Video_021,66.14,10.77,1.112,15156,3.99,45.49,0.21,263.49,0.588,0.468
Video_022,105.78,36.35,0.823,11082,0.95,56.87,0.424,261.5,0.18,1.929
Video_023,119.26,40.43,1.211,14404,0.19,40.08,0.827,265.96,0.0,0.524
Video_024,98.22,21.08,1.312,19131,3.05,61.01,0.581,275.53,0.041,0.779
Video_025,82.45,19.49,1.587,13748,2.81,29.23,0.475,274.43,0.505,1.551
Video_026,90.23,27.41,1.483,10982,0.34,67.96,0.248,269.47,0.251,1.091
Video_027,118.35,31.2,1.843,19548,3.31,61.63,0.321,269.22,0.139,0.259
Video_028,83.79,13.15,1.715,10261,3.37,54.19,0.568,278.43,0.036,1.324
Video_029,109.09,45.68,2.031,19180,4.09,38.23,0.771,276.12,0.081,0.506
Video_030,81.87,39.9,0.586,14811,1.62,37.49,0.759,260.87,0.769,1.805
Video_031,86.17,12.15,1.774,15796,0.14,71.62,0.231,279.26,0.261,1.124
Video_032,75.47,36.86,2.415,13741,1.89,24.54,0.351,276.38,0.162,1.168
Video_033,119.18,46.91,0.864,12924,1.84,98.53,0.523,264.88,0.214,1.923
Video_034,73.64,39.37,1.382,10922,2.33,49.44,0.516,273.13,0.452,1.923
Video_035,60.41,30.48,1.321,14470,3.32,14.01,0.363,274.21,0.807,1.608
Video_036,100.31,46.96,2.884,19002,1.71,46.99,0.638,260.78,0.481,1.203
Video_037,111.88,31.89,1.362,11588,0.52,88.36,0.206,276.2,0.139,1.531
Video_038,93.43,25.41,2.667,18272,1.59,13.7,0.333,277.56,0.413,0.549
Video_039,101.96,26.23,0.928,19511,1.32,72.58,0.874,279.74,0.506,0.962
Video_040,103.13,21.2,2.128,13928,4.92,11.67,0.404,263.44,0.078,1.996
Video_041,81.78,10.37,2.821,10839,2.18,93.52,0.59,279.0,0.688,1.746
Video_042,116.19,24.45,1.004,17948,1.09,53.26,0.217,273.1,0.679,1.316
Video_043,100.98,19.55,2.387,12371,4.92,13.23,0.443,261.82,0.211,1.608
Video_044,77.29,42.34,0.574,16381,0.31,27.14,0.71,260.92,0.484,1.758
Video_045,92.0,25.09,1.155,17570,3.15,65.47,0.387,272.25,0.501,1.044
Video_046,119.28,45.28,1.5,15681,2.55,65.11,0.377,266.78,0.417,0.695
Video_047,114.57,41.93,2.838,17894,0.25,37.44,0.56,276.04,0.313,0.661
Video_048,106.83,41.46,0.864,17575,2.4,45.54,0.866,279.41,0.181,0.94
Video_049,62.64,30.32,0.703,16585,3.18,91.33,0.683,268.5,0.175,0.331
Video_050,82.89,33.12,2.795,19827,4.15,97.46,0.252,276.87,0.73,1.711
